"comparison","node","is_key_action","outgoing_analyzed_dyads","incoming_analyzed_dyads","sender_seed123","receiver_seed123","sender_seed456","receiver_seed456","sender_seed789","receiver_seed789","sender_seed1011","receiver_seed1011"
"cdtally_AT","wb_t_book",FALSE,10,15,0.0206422671240849,-0.0233821484257667,0.0229149078591373,-0.0230576219603512,0.0226552908088043,-0.0236993039821742,0.0218246823748193,-0.0250566740838819
"cdtally_AT","book_a_c",FALSE,13,4,0.0347412234722662,-0.0144836395538999,0.0341227705685992,-0.0162971419753764,0.033901419895238,-0.0165079002447999,0.0321152899020434,-0.0149989665916334
"cdtally_AT","ss",FALSE,20,31,-0.00634589156573483,0.0664587435451726,-0.00379199438643361,0.0641147472717474,-0.00501113803905107,0.0662519754554029,-0.00539879684668138,0.0645519774743334
"cdtally_AT","ss_so",TRUE,18,14,-0.0116679202950874,0.0249739322560559,-0.00959766495184887,0.0237747997181117,-0.00865363389881459,0.0235528792804544,-0.0100906759971724,0.0238040050017673
"cdtally_AT","so_1_3",TRUE,11,7,0.00551402216101582,0.122724377924356,0.00807561681803683,0.122341294063245,0.0079523383864891,0.118677622722475,0.00718615834089385,0.128417916644766
"cdtally_AT","so_ok",TRUE,12,8,-0.00129391860686285,-0.0129886057254097,0.00205175778229703,-0.00495416678088212,-0.00178624776894164,0.000473789333234924,-0.000917560425628432,-0.0109768206375834
"cdtally_AT","wb",FALSE,15,31,0.0190730650264031,-0.00553659243452151,0.0211203821940913,-0.00212629177872544,0.0204583151786977,-0.0058624693206488,0.0195211816271679,-0.00743047892533142
"cdtally_AT","combobox",FALSE,13,16,0.0186049574668024,-0.120354154527752,0.0187164740230155,-0.119799041081069,0.0174749792207714,-0.121962704876563,0.0160249293848587,-0.122300288225255
"cdtally_AT","wb_t_f",FALSE,13,11,0.0272375022964158,-0.0252065838353491,0.0287685792489065,-0.0242909769537321,0.0285487096982659,-0.0244124980762606,0.0272144427900139,-0.026719201414489
"cdtally_AT","wb_t_b",FALSE,14,13,0.0250985520528986,-0.00316517378222934,0.0269322477291459,-0.00266752575088895,0.0255049540722103,-0.00451425014031057,0.0251379210392929,-0.0055823191767965
"cdtally_AT","wb_t_ho",FALSE,15,14,0.0248081302364554,-0.0192957828703554,0.0261985254265009,-0.0193405201529961,0.0259362848979331,-0.0196660936215097,0.0248254423192561,-0.021118753429071
"cdtally_AT","keypress",FALSE,31,32,0.00785531873934244,-0.00517551730397841,0.0102560781733576,-0.00504614303901706,0.00862421803831658,-0.00591449165296669,0.00846200585827321,-0.00594768801502289
"cdtally_AT","wb_f",FALSE,13,14,0.0283670900268097,-0.0169711913001013,0.0294808514456492,-0.0146845367058742,0.0281394004945302,-0.0181367057886795,0.0273920068647429,-0.0181328610268019
"cdtally_AT","so_c",FALSE,9,5,-0.00326854348910423,-0.0361703968229286,-0.000663804100745742,-0.0448845704115327,-0.000892224817074569,-0.0430697477331083,-0.00202189979203038,-0.035565183474427
"cdtally_AT","so_2_asc",TRUE,9,6,-0.0182501347969284,-0.0556990008929931,-0.0174769394354628,-0.0596658646266473,-0.0173532013911271,-0.0641255200082837,-0.0179518737935174,-0.0535188375885305
"cdtally_AT","wb_t_h",FALSE,14,15,0.0256441418178028,-0.0187865724424271,0.0267781650040827,-0.0171768634721381,0.0257826733478185,-0.0198684324166605,0.0241336177670932,-0.0197090566703937
"cdtally_AT","ss_data",TRUE,11,13,-0.00760636781739942,0.0266722012799801,-0.00373378790153013,0.0290093972965897,-0.00794375677769935,0.0252205619464289,-0.00797765937716938,0.0256409445764203
"cdtally_AT","so",TRUE,15,3,-0.0141349439506384,0.130033664652688,-0.0115311224610303,0.130975344646959,-0.0111390915517276,0.127815833820383,-0.0129278423025642,0.142895751750663
"cdtally_AT","so_2_desc",TRUE,0,5,NA,0.0379056090357619,NA,0.0404117796763604,NA,0.0408132050223932,NA,0.0419782225414654
"cdtally_AT","ss_file",FALSE,16,15,-0.00364736048941308,-0.00551931969432954,-0.00164012804361904,-0.00263874207043889,-0.00171534636845004,-0.0059562002602057,-0.00320878952908405,-0.00650914846817288
"cdtally_AT","so_1_4",FALSE,5,5,-0.0334746788564927,0.00312849516802769,-0.0491814645235486,0.00428255462190567,-0.0419541939694071,-0.00122654057008647,-0.0406141965404045,0.0036581020574892
"cdtally_AT","split_v",FALSE,15,11,0.0103669345075152,-0.0161116375561594,0.0129860367343566,-0.0158414407015417,0.0117760497898787,-0.0178869758624313,0.011300489146136,-0.0175548598960178
"cdtally_AT","wb_h",FALSE,17,12,0.0212918825860098,-0.0271904102173793,0.0226413947476415,-0.026334557610627,0.0212030817709833,-0.0270217234440227,0.0193366937060732,-0.0283149859914188
"cdtally_AT","wb_t_sch",FALSE,14,12,0.0241703126588231,-0.0128073897605758,0.0253636317658265,-0.00943716176685951,0.0245814789079408,-0.0146120239987171,0.023637450027157,-0.0141732801558342
"cdtally_AT","ss_edit",FALSE,14,14,-0.00100533068514092,0.0504414557013927,0.000980181337448451,0.047135398369911,3.7284456178144e-06,0.0499927322582335,-0.000474465605154137,0.049032793591278
"cdtally_AT","wb_e",FALSE,14,14,0.022545122006679,-0.0174070241127635,0.0247190789895875,-0.0165694410221273,0.0237725883988411,-0.0177451422931388,0.0225490225953787,-0.017894412277116
"cdtally_AT","so_1_2",FALSE,0,6,NA,0.09121984809383,NA,0.0872475581462412,NA,0.0833699154862713,NA,0.0843131287820923
"cdtally_AT","ss_sch",FALSE,9,10,-0.0130804874037999,0.0171652336336846,-0.00851212053043401,0.0152608631521669,-0.0119527481433109,0.0172017205819494,-0.0113198770586315,0.0152048336997435
"cdtally_AT","sch_ok",FALSE,13,7,-0.00605583365662048,0.0472531926873281,-0.00635407820248659,0.0409261099935697,-0.00418597494496466,0.0479655991666366,-0.0070625649606355,0.0454979261473087
"cdtally_AT","sch_n",FALSE,10,5,-0.0713244649993205,0.0126540461525427,-0.0717443727851428,0.0145490006122605,-0.0587071516828492,0.0161021145695235,-0.0707538660866865,0.0150752515876585
"cdtally_AT","split_h",FALSE,17,14,0.0130595220113932,-0.0100830018222973,0.0143908474488254,-0.0100136424573124,0.0145112228861639,-0.0102775387482094,0.0132408188495342,-0.0112433630760723
"cdtally_AT","ss_help",FALSE,9,12,-0.00566788182275347,-0.0192972342277294,-0.00369844874196238,-0.020143931246273,-0.000821265950077185,-0.0190094773386509,-0.0041483636378557,-0.0194030682860236
"cdtally_AT","ss_save",FALSE,7,7,-0.00640422653461853,-0.00428983081564348,-0.00412164878581804,-0.0043946416154879,-0.0043434696497719,-0.00570109589838744,-0.00432796084091812,-0.00494162183387379
"cdtally_AT","help_a",FALSE,14,18,0.0306290875285986,-0.00967520540451547,0.0320049311846986,-0.00782195762065486,0.0297013244931443,-0.00996674598007948,0.0285547510194233,-0.0103623228845311
"cdtally_AT","so_1_1",FALSE,5,4,0.0381435010097564,-0.00770037097001876,0.0359184040445824,-0.00541224401258414,0.031864677061607,-0.00545476008724483,0.0344431358672734,-0.0122228237946223
"cdtally_AT","sch",FALSE,5,3,-0.00397800604210227,-0.0389879582547485,-0.000235543235319958,-0.0418817229961289,-0.00205455283320828,-0.0377240965530774,-0.00289296399497772,-0.0435012352620349
"cdtally_AT","sch_b",FALSE,0,2,NA,-0.035773133405904,NA,-0.0353711721262758,NA,-0.0405921084000157,NA,-0.0364481554779326
"cdtally_AT","help",FALSE,0,3,NA,0.0312625077579448,NA,0.0290766026955643,NA,0.0368595803962094,NA,0.0345147034242204
"cdtally_AT","so_1_0",FALSE,0,4,NA,0.014702306787673,NA,0.0207243468230322,NA,0.0146083787897463,NA,0.0228347880593588
"cdtally_AT","save",FALSE,4,2,-0.148869170911657,-0.0808278423541841,-0.143363333845706,-0.0833164926285788,-0.163768704843806,-0.0831231404998022,-0.156574910130175,-0.0776597306377894
"cdtally_AT","ss_copy",FALSE,0,2,NA,0.00200426992447068,NA,0.00524869605658158,NA,0.00563406580908621,NA,0.0029168670104873
"cdtally_AT","wb_book",FALSE,13,10,0.0361252126826314,-0.0161069953276613,0.0365725808599328,-0.0132220851864497,0.0348366633496164,-0.0187624716817986,0.033182301264515,-0.0179448691482992
"cdtally_AT","book_a",FALSE,0,2,NA,-0.0335957329930807,NA,-0.0312823217194532,NA,-0.0258823708676987,NA,-0.0206045158155678
"cdtally_AT","ss_pst",FALSE,0,3,NA,0.00666641341586112,NA,0.00715289721194132,NA,0.00742738567055191,NA,0.00723086329010928
"cdtally_AT","book_a_ok",FALSE,6,2,-0.107683428752003,-0.00289879754285518,-0.101643961195276,0.00160219367857662,-0.101744903516,-0.00568287902962668,-0.107961148172109,-0.00433678494563982
"cdtally_AT","book_m",FALSE,0,2,NA,0.00864006734488331,NA,0.00859816965777274,NA,0.00128696609208333,NA,-0.000310756157774779
"cdtally_AT","book_m_ok",FALSE,0,1,NA,0.00278939226037382,NA,-1.36995821172196e-06,NA,0.00660008729274696,NA,0.00160401951407682
"cdtally_AT","ss_cut",FALSE,0,4,NA,0.00618747258650183,NA,0.00205587209375676,NA,0.00666053088297597,NA,0.00118474073655517
"cdtally_SK_GB","wb_t_book",FALSE,11,13,-0.0121301234442625,0.00847620795765094,-0.0200664922302719,0.00696156993014181,-0.0194786277743688,0.00379927153737121,-0.0158671398203409,0.00450800922809052
"cdtally_SK_GB","book_a_c",FALSE,0,3,NA,0.106518113595722,NA,0.112316020453304,NA,0.109551238709604,NA,0.10748671415095
"cdtally_SK_GB","ss",FALSE,15,22,0.0170572585071235,0.0357302112661945,0.00861370998267972,0.0338447045388982,0.0100815691283813,0.036239713753292,0.0132197361652011,0.033543456940903
"cdtally_SK_GB","ss_so",TRUE,9,5,-0.0296757875567375,-0.0479623734446181,-0.0378287556712011,-0.0477704672565224,-0.0327629914179518,-0.0488715540389558,-0.0307904312443357,-0.0448824311807849
"cdtally_SK_GB","so_1_3",TRUE,5,3,0.00878376201702707,0.263381906928737,-0.0033034769728553,0.262841788517792,0.0013433566933057,0.262006565643532,0.00253090611507701,0.26090446087934
"cdtally_SK_GB","so_ok",TRUE,6,3,0.0393876385871513,-0.0118838331570688,0.0340596771105897,-0.00603971856348813,0.0316373989747948,-0.00894644587755633,0.0347946157136584,-0.0134072603059251
"cdtally_SK_GB","wb",FALSE,13,24,0.00351007239146144,0.0273506728990246,-0.00491629780227085,0.0293843912148441,-0.00214835567853809,0.0275499142554933,-0.00137042242745208,0.0277405485342829
"cdtally_SK_GB","combobox",FALSE,10,15,0.00154708144565383,0.0230047367158267,-0.00615530576790878,0.0233679416698526,-0.00404992661949669,0.0243728402901504,-0.00385955701727085,0.022280104313836
"cdtally_SK_GB","wb_t_f",FALSE,12,10,0.00499516173690078,-0.00398441117660909,-0.00357378404969692,-0.000572055352687388,-0.00170746209367859,-0.00203603574337723,0.000130433361377614,-0.00116107000893391
"cdtally_SK_GB","wb_t_b",FALSE,9,14,-0.00121387635793067,0.023173055177938,-0.00856696839965779,0.0215649220011696,-0.00663467488273126,0.0206049629069034,-0.00578513586103973,0.0211675757658093
"cdtally_SK_GB","wb_t_ho",FALSE,13,9,0.00373827938494866,-0.0011201619288302,-0.00821324086105075,-0.0060364441003735,-0.00213204126301049,-0.00478791805541638,-0.00331442222332977,0.00209030178491976
"cdtally_SK_GB","keypress",FALSE,20,14,0.000275898786372092,-0.00182212918326415,-0.00742300701660667,-0.00130635854416031,-0.00589415550358699,-0.00246965899850615,-0.00393035397854905,-0.00210000944125376
"cdtally_SK_GB","wb_f",FALSE,13,10,7.93697136942019e-05,0.000357834703529784,-0.00733922597763343,0.00317339083247624,-0.00591313781105312,-0.000354411430942799,-0.00444711449502302,0.00225733577271605
"cdtally_SK_GB","so_c",FALSE,0,4,NA,-0.00120496327233293,NA,0.00168662383081036,NA,-0.00305570530309006,NA,-0.00434272142354861
"cdtally_SK_GB","so_2_asc",TRUE,4,3,-0.0568210062701598,0.0309503277748568,-0.0657458701694047,0.0334183364329731,-0.0545848375169351,0.0259968641868987,-0.0558130441943919,0.0253262821934339
"cdtally_SK_GB","wb_t_h",FALSE,14,12,0.00594127996756117,-0.00129317023482984,-0.00137650911857698,0.00116450738222083,0.000300928981988865,0.00265572557823777,0.00184455039571405,0.000914850398604315
"cdtally_SK_GB","ss_data",TRUE,4,8,-0.04633087351377,0.00181662182255275,-0.0582912053474795,-0.000449062392633994,-0.0593012065891462,0.00167123570137722,-0.0579339224661787,3.75458198428009e-06
"cdtally_SK_GB","so",TRUE,4,1,-0.048263232490596,0.127258657128453,-0.0615637313104255,0.14062201972676,-0.0545067775696991,0.126785959079018,-0.052919845749652,0.141744901673793
"cdtally_SK_GB","so_2_desc",TRUE,0,1,NA,0.0208612764742262,NA,0.0115991969690397,NA,0.00517004616936529,NA,-0.00306949511604741
"cdtally_SK_GB","ss_file",FALSE,8,6,0.039593166545244,-0.0317891849663409,0.0371560698687808,-0.0302724612722153,0.0362648634329917,-0.032406867100568,0.0382208526169301,-0.0288730418407407
"cdtally_SK_GB","split_v",FALSE,11,6,0.00665636044792567,0.0140255390754386,-0.0021646637399447,0.0132701639867267,-0.00043235884235361,0.0151405806239615,0.00138113817408506,0.0131835298753065
"cdtally_SK_GB","wb_h",FALSE,13,11,-0.00296380267997609,-0.00245022608333483,-0.0112136305764272,-0.00171576715140706,-0.00966311779265393,-0.00237978634910801,-0.00786003513241088,-0.00217366227497438
"cdtally_SK_GB","wb_t_sch",FALSE,13,9,-0.0178940021912057,-0.0259973334158803,-0.03196741864431,-0.0264415595497355,-0.0259719049085595,-0.0238607562049047,-0.0282104926102334,-0.0252223004475809
"cdtally_SK_GB","ss_edit",FALSE,0,1,NA,-0.0195895793359419,NA,-0.0226823631272425,NA,-0.0192998484752544,NA,-0.0212080502741398
"cdtally_SK_GB","wb_e",FALSE,9,5,0.0430888411810709,0.0265428928226705,0.0291571385422064,0.0248986310544455,0.0339389365135914,0.0248883291365356,0.0293789942692091,0.0234910964638686
"cdtally_SK_GB","ss_sch",FALSE,5,6,0.0225037568924092,-0.040310836251226,0.0166127706863385,-0.0371654241091598,0.0157400001864877,-0.0371802425912943,0.0198563504370808,-0.0386606690544176
"cdtally_SK_GB","sch_ok",FALSE,6,3,0.0130335830038316,0.0144454279174867,0.000837899299305033,0.0148351201563391,0.00260643253747489,0.0144680660429518,0.00733863672070497,0.0109302334452632
"cdtally_SK_GB","sch_n",FALSE,6,2,0.0659222461055521,-0.0208767286637933,0.0566025290752038,-0.0172503426654878,0.0542628682485298,-0.0270780022992546,0.0572914091890094,-0.023230400430619
"cdtally_SK_GB","split_h",FALSE,12,12,0.00263643310311579,0.000569493505759397,-0.00571425438345829,0.00178397540337486,-0.00385724448572881,0.00033845246126325,-0.00193817776112918,2.67128429953485e-05
"cdtally_SK_GB","ss_help",FALSE,10,7,0.00603410193071822,0.00107225555221964,-0.00100090275646567,-0.00138573958136263,0.00973723075897394,-0.00243217017163596,0.00582851526657394,-0.00123125342787188
"cdtally_SK_GB","ss_save",FALSE,6,6,0.0424679297171073,-0.0117467400429334,0.0392719156676899,-0.0128430848418084,0.0410177064780534,-0.0141387064686286,0.0368352052883354,-0.0133796430536551
"cdtally_SK_GB","help_a",FALSE,17,14,0.00467242587114303,0.000954437909827334,-0.00367878694573683,0.000878890281745666,-0.00139187546561613,-0.001515076629172,2.0280372622026e-05,0.000392507050102334
"cdtally_SK_GB","so_1_1",FALSE,0,2,NA,-0.0224959557641526,NA,-0.0195081689799741,NA,-0.0211773523101009,NA,-0.024391898484239
"cdtally_SK_GB","sch",FALSE,0,1,NA,0.0583759870288764,NA,0.0601986667865355,NA,0.0468485610609254,NA,0.0570342523340393
"cdtally_SK_GB","sch_b",FALSE,0,1,NA,-0.272627366417493,NA,-0.266548272613502,NA,-0.255810017860393,NA,-0.259699864944538
"cdtally_SK_GB","help",FALSE,0,2,NA,-0.102080076538519,NA,-0.109210143015909,NA,-0.10599509300649,NA,-0.107315759838519
"cdtally_SK_GB","save",FALSE,0,1,NA,-0.217606814698257,NA,-0.233850626264826,NA,-0.225054991837348,NA,-0.218549685168449
"cdtally_SK_GB","ss_copy",FALSE,0,4,NA,0.00469198926040575,NA,0.00399341958775758,NA,0.0059335546766115,NA,0.000553274338703063
"cdtally_SK_GB","wb_book",FALSE,0,5,NA,0.00785799144545731,NA,0.00992851945012266,NA,0.00799832957563905,NA,0.00673221127552003
"cdtally_SK_GB","book_a",FALSE,0,1,NA,0.024858124580453,NA,0.0167387030758235,NA,0.00828164546310682,NA,0.041905662623878
"cdtally_SK_GB","ss_pst",FALSE,0,1,NA,-0.000182483196589512,NA,0.00615065363054303,NA,0.000527906928468291,NA,0.00189472001815345
"cdtally_SK_GB","book_a_ok",FALSE,6,2,-0.00974971061173492,0.047471565372804,0.00385470653809333,0.0458021345273447,-0.0183920564633577,0.0506287569823699,-0.00360562854319354,0.0481824446282145
"cdtally_SK_GB","book_m",FALSE,0,1,NA,-0.0138002867854907,NA,-0.0119281587807624,NA,-0.0172549655514093,NA,-0.0149125841676802
"cdtally_SK_GB","ss_cut",FALSE,0,1,NA,-0.00555923582066411,NA,-0.0175400631356923,NA,0.00336832582548426,NA,-0.00664861131581626
"lamp_GB","wb_pg_8",TRUE,12,11,-0.0172835859506385,0.0335041013719011,-0.0133349593375322,0.0494318038960072,-0.015509354482303,0.0395508390129467,-0.0201117710159266,0.0298248136001321
"lamp_GB","wb_pg_8_4",TRUE,12,5,-0.0119641726821207,0.0776952909659049,-0.00776414784397514,0.0733627063196607,-0.0118771271906483,0.0826897366638883,-0.0166166908859062,0.0808215229494604
"lamp_GB","wb_pg_8_4_reason_4",TRUE,9,8,-0.00771161881102867,0.0702056694891216,0.000103698209702141,0.13095389353508,-0.00866681422174753,0.115907646822675,-0.00809860666968058,0.0485618066136498
"lamp_GB","wb_pg_8_4_request_1",TRUE,10,8,-0.013722420227463,0.0106774119633007,-0.00434619412426556,-0.0437127802057807,-0.0120162053858869,-0.0194503247681073,-0.0166309386564023,0.0371999634017586
"lamp_GB","wb_pg_8_3",TRUE,9,13,-0.0238280074872812,-0.0111173739250754,-0.0128925098183975,-0.0190366712699897,-0.0220333503658888,-0.0133760751204263,-0.026843802512343,-0.00630494688986454
"lamp_GB","wb_pg_8_3_1",FALSE,5,6,-0.00944678112721213,-0.00723896607643802,0.00179047976678262,-0.0142800261082053,-0.00992785220292032,-0.00982572312182874,-0.0114783085557775,-0.0118368181367342
"lamp_GB","wb_pg_pop2",FALSE,9,3,-0.00211656165790058,-0.000914773487643568,0.00165391894319482,-0.00589113032081606,-0.00222898240645931,0.000315586587839928,-0.00442692568154458,-0.00389914302949963
"lamp_GB","wb_hist_back",TRUE,29,26,-0.00576530718855563,0.0594228909660235,-0.0043937570126785,0.0794730122555976,-0.00423346146489617,0.0615782890340948,-0.00779628032717882,0.0558383100981418
"lamp_GB","em",TRUE,32,40,0.000267549670951015,-0.00771966629941262,0.00193950530233178,-0.0106796031486655,0.00265148770668032,-0.00791276173207054,-0.00220455386390379,-0.00695415066590286
"lamp_GB","em_m_view_305",TRUE,17,13,0.0112980372160502,0.0442388200489498,0.0158141552709812,0.0387663479729419,0.0121610477883,0.0415084675033063,0.0136002040798348,0.0466375930378481
"lamp_GB","wb",TRUE,33,50,-0.0045245012277671,0.0354564527486346,-0.00340878764928831,0.0354655230721296,-0.00322491003640087,0.0369614336598953,-0.00687198625407609,0.025932942521331
"lamp_GB","keypress",TRUE,44,36,-0.0017012007004055,-0.0039041357868779,0.000314482070028734,-0.00522138457092419,0.000524119972930106,-0.00388506743544168,-0.00434875189138392,0.000530034302607469
"lamp_GB","wb_pg_8_4_submit",TRUE,5,10,-0.00415273218034812,0.0236003187793154,0.00614852870783146,-0.000199734638291895,-0.00531718689433431,0.0108249016821938,-0.0047023624699675,0.0344166068509208
"lamp_GB","wb_pg_2",FALSE,15,6,-0.000738913911890562,-0.0197157975822782,0.00041948012655052,-0.0165763940323618,0.000834223267915459,-0.0178090609490061,-0.00362831045747845,-0.0212673990611546
"lamp_GB","em_f_view",TRUE,36,32,5.08773323784224e-05,-0.0191687313563726,-0.000386182075596117,-0.00410529275994757,0.00211694653766973,-0.0180341331190853,-0.00247017153785071,-0.0242408050751394
"lamp_GB","em_m_view_116",FALSE,13,14,-0.00652499781214751,-4.61099248845865e-05,-0.00509679073281717,0.00119726280286377,-0.00417733583374069,-0.000805031826767348,-0.00892598328854891,-0.00259630573435642
"lamp_GB","em_m_view_117",FALSE,14,11,-0.00231177087351372,0.00845317081961254,-0.000672523295247204,0.00856650145121406,0.000121499018376678,0.00798275606664407,-0.00502582272440274,0.00624357909144938
"lamp_GB","em_m_view_118",FALSE,8,7,0.00416056465958234,-0.00915179841994046,0.00190195790209663,-0.00746277307987039,0.00477209285405084,-0.0083430463849215,0.00343329800172539,-0.00933756912509356
"lamp_GB","em_m_view_119",FALSE,18,16,-0.0048400052824886,-0.00119060142165715,-0.00267057432266604,-0.00261968260317982,-0.00242560691434084,-0.00236369214128544,-0.00692848540005813,-0.00302038016804279
"lamp_GB","em_m_view_120",FALSE,12,13,-0.00121558637162967,-0.00263764905958519,8.15944153511331e-05,-0.00353137132741258,0.0017263066037864,-0.00259580898923007,-0.0027006884361677,-0.00286793079787341
"lamp_GB","em_m_view_112",FALSE,12,11,0.00217603709739245,0.00401613580248921,0.00184451129677569,0.00342817885198236,0.00460238635271753,0.00447777446455658,0.000501741146177873,0.00187201307955184
"lamp_GB","em_m_view_113",FALSE,10,9,0.00238019695032605,0.00372876416058746,0.00360508998907481,0.0072460235365639,0.00555524024999283,0.00347439028952291,0.000970206453824428,0.00116817584218057
"lamp_GB","em_m_view_114",FALSE,9,5,-0.00717232443940085,0.00335758237284706,-0.00406119864739937,0.00175325971074803,-0.00358720063962815,0.000614093042732728,-0.00721150999115125,0.000191368300047556
"lamp_GB","em_m_view_115",FALSE,20,22,-0.003974451058451,-0.00244965823250032,-0.0022762072189916,-0.00303064074244095,-0.000953889460204083,-0.00296616812907254,-0.00620354430772591,-0.00417135900223631
"lamp_GB","em_m_view_109",FALSE,10,14,0.0054764206284367,0.0012997011567199,0.00406521589145502,0.00175258409487518,0.00744539941125635,0.00060067388147521,0.00342459215308047,-0.00204044900168167
"lamp_GB","wb_pg_2_1",FALSE,4,9,-0.0152284726858652,-0.00782991489271066,-0.0060793739509787,-0.00529116193932674,-0.0156652892311465,-0.00628070321159867,-0.019304466637797,-0.0121524022848279
"lamp_GB","wb_pg_pop1",FALSE,26,5,0.00452583465652866,0.0115959060689332,0.00422471400321515,0.0135643784936393,0.00686397653756764,0.0101901741209968,0.0019085507015297,0.0085014043237884
"lamp_GB","wb_pg_2_2",FALSE,6,10,0.00246829593081197,-0.0322644663327566,0.00167317770805414,-0.0267077099039629,0.00413471375578957,-0.0324162402888839,0.000816457538629161,-0.0324027574821796
"lamp_GB","wb_pg_2_3",FALSE,8,8,-0.000540585550464934,-0.00117051822014707,-0.00338453172715569,-0.00635098808475518,0.000470732610850931,0.000320972850613527,-0.00112874631168185,-4.74862705957597e-05
"lamp_GB","view",FALSE,0,4,NA,-0.00679854740257873,NA,-0.00486062572971982,NA,-0.00703872267890959,NA,-0.00566265207426858
"lamp_GB","em_m_view_111",FALSE,14,10,-0.00539996037226474,-0.00522009581370312,-0.00403707369049799,-0.00409642078577,-0.00211130680661215,-0.00523423473962975,-0.00697603233781242,-0.00610054962727187
"lamp_GB","em_m_view_101",FALSE,12,8,-0.00456062905288972,0.0045599698238683,-0.00408304678542099,0.0067884540561495,-0.00199776121724333,0.00365423132094398,-0.00581796244610933,0.00141775480784133
"lamp_GB","em_m_view_102",FALSE,9,9,-0.00432126272766551,0.0134696292238186,-0.00280432617112,0.0136605403205769,-0.00189887903187642,0.012579238728287,-0.00612356553178203,0.0116157976498611
"lamp_GB","em_m_view_103",FALSE,10,8,0.00160097027756513,0.00395888195442588,0.00198804109339377,0.00511104377290558,0.00206953855983641,0.0034558285423827,-0.00175386613775435,0.00107912923620746
"lamp_GB","em_m_view_104",FALSE,15,13,-0.00239853173013682,0.00800166425147684,-0.00133746929976439,0.00916350313840147,-0.000407693822807773,0.00843660591589232,-0.00365213949185407,0.0057024043861329
"lamp_GB","em_m_view_105",FALSE,16,10,-0.00529786905258469,0.00732952260368391,-0.00405105782438751,0.00923421328585523,-0.00274426692417835,0.00631894603280095,-0.0070092561488134,0.00429716717493377
"lamp_GB","em_m_view_106",FALSE,9,10,-0.00189878300225242,-0.000357847826736728,-0.000392721608286109,0.00109944321455884,0.00203718421089454,-0.00125119568318509,-0.00109855614488881,-0.00209286945288642
"lamp_GB","em_m_view_107",FALSE,11,13,-0.00356741334818282,-0.00386397484251862,-0.00274775223991597,-0.00131202309702887,-0.00079895091038643,-0.00370808891664441,-0.00544949986878446,-0.00645054784073665
"lamp_GB","em_m_view_108",FALSE,12,11,-0.00806565476521718,0.00790219111115638,-0.00274432546172085,0.00687361950780587,-0.00492299436961677,0.00719508931804999,-0.00984247706915795,0.00409480609333037
"lamp_GB","em_m_view_110",FALSE,8,12,-0.0163056091884807,0.00620516338461906,-0.012031655515539,0.00710019191572685,-0.0121733003055231,0.00668198354679818,-0.0160299166746914,0.00685232693484538
"lamp_GB","url_ok",FALSE,9,9,0.0729792615887111,-0.00410312532911768,0.0882351267883576,-0.0085914061820346,0.0739239651032213,-0.00427602301913879,0.0669509788221325,-0.00417933588270459
"lamp_GB","wb_pg_8_2",TRUE,1,3,-0.0152846342685019,0.0092158789952675,-0.0506320437151239,0.0100245620146364,-0.0341488681828505,0.0122069307619307,-0.0341923720252768,0.0151938852340335
"lamp_GB","wb_pg_pop3",FALSE,9,2,-0.026884065064748,-0.0150458082872141,-0.000237939741697209,-0.028783467647436,-0.0267951330206948,-0.0248635101408202,-0.0284970930830367,-0.0250503790244127
"lamp_GB","wb_pg_7",FALSE,5,6,-0.0164314907616797,-0.00858521179155448,-0.0105011985551339,-0.00303174636818085,-0.0167462293093775,-0.00912659707021426,-0.0181624308211764,-0.013959661541118
"lamp_GB","wb_pg_8_1",FALSE,2,4,-0.0268673157109221,-0.00500265270884457,-0.0464815662267593,-0.00266687597574389,-0.0433992520447357,-0.00132524989051489,-0.0241176073660471,-0.00279296508128405
"lamp_GB","wb_pg_10",FALSE,3,5,-0.0151246226298513,-0.00938302283650587,-0.0214673962491088,-0.0107796359225663,-0.0167711243592357,-0.0091831760725675,-0.0209471749008217,-0.0130528875879251
"lamp_GB","wb_pg_9",FALSE,0,1,NA,0.00273203079952116,NA,0.000645207483002049,NA,0.004751017522251,NA,0.00170642651959607
"lamp_GB","file",FALSE,23,18,-0.00204033352594517,-0.00472140905097617,-0.000659643644153696,-0.00449134677607796,0.00044264119512041,-0.00493733432856415,-0.00360244094658143,-0.00616088740193112
"lamp_GB","wb_hist_for",FALSE,12,13,-0.0089091613602952,0.00933808289272431,0.00415843906523399,0.00299718639619381,-0.0109264099934841,0.0102860516278179,-0.0103568093301262,0.00757942565819634
"lamp_GB","edit",FALSE,11,9,-0.000136474623193661,-0.0186161095584164,-0.000256177601264964,-0.0147544509892779,0.00135072568463186,-0.0182964947957921,-0.00234623895406857,-0.0206152728743971
"lamp_GB","message",FALSE,8,8,-0.0183002770501274,-0.00339576956877807,0.014855024798583,-0.00202956027140436,-0.0166837719546476,-0.00509229616643544,-0.0103775222890417,-0.00535933113591009
"lamp_GB","help",FALSE,13,13,-0.0251551319769124,0.0230905183048506,-0.00377583268017506,-0.00358333575862168,-0.0224804773923625,0.0231169515348248,-0.0249762088082438,0.0310560363237359
"lamp_GB","wb_pg_0",FALSE,15,13,-0.00128817381747231,0.00102810979156824,0.000504175882657562,-0.00324308313583502,0.000596542266621924,0.00102857352654973,-0.00426624546886875,0.00114453130295459
"lamp_GB","wb_pg_1",FALSE,6,4,-0.00580794752048242,0.00559597943688022,-0.0615333109826859,0.00277417496474207,0.00507749874111718,0.00221816166623019,-0.0133866638737266,0.000584452176909239
"lamp_GB","wb_pg_1_1",FALSE,0,2,NA,-0.00939369967481146,NA,-0.0139396550609064,NA,-0.0102060097021191,NA,-0.0109308211290719
"lamp_GB","wb_pg_8_4_request_2",FALSE,0,2,NA,-0.00877089465307727,NA,-0.0148165897959186,NA,-0.00810002925635009,NA,-0.0100831618398206
"lamp_GB","wb_pg_4",FALSE,6,2,0.0401843153634442,0.000877854179247517,0.00321067754003423,-0.000422784176963484,0.0532687339921484,0.00111715158216788,0.0282892622553966,-0.00259621825555191
"lamp_GB","em_new",FALSE,7,7,0.0217871957713995,-0.0209074584177497,0.0158342445224702,-0.0164377013260304,0.0247146916406722,-0.0218381149474236,0.0250852179927296,-0.026467824604205
"lamp_GB","em_send",FALSE,0,3,NA,-0.0461380850972999,NA,-0.0445684171837532,NA,-0.0444877702370573,NA,-0.0417998200791987
"lamp_GB","wb_pg_1_2",FALSE,0,3,NA,0.000776136469041011,NA,-0.000320258026900614,NA,0.00707117337616373,NA,-0.00169621433848943
"lamp_GB","wb_pg_1_3",FALSE,2,2,0.0488448834430522,-0.006436585601961,0.0516947678367198,0.00332911946806856,0.0567556682987466,-0.00594935634617398,0.0398314865677816,-0.00289826241149924
"lamp_GB","wb_book_a",FALSE,6,10,-0.0270168030505103,-0.0188133199671097,-0.0267902897438757,-0.0100186287884376,-0.0241891132070067,-0.0179065706574406,-0.0289775622578363,-0.0215761442342611
"lamp_GB","wb_book_a_c",FALSE,0,2,NA,-0.0376516044421318,NA,-0.0441167475262295,NA,-0.042496709866508,NA,-0.0345553496309249
"lamp_GB","wb_pg_5",FALSE,3,3,0.0970228109845527,-0.00210594717510005,0.0304767106798322,0.0033389271971983,0.105271903173788,-0.000715447254039775,0.0691003407561266,-0.00222795009404123
"lamp_GB","wb_pg_5_1",FALSE,0,1,NA,-0.149657833851469,NA,-0.107782423668465,NA,-0.149112126465253,NA,-0.140555121960632
"lamp_GB","wb_pg_5_2",FALSE,0,2,NA,-0.0135543530481812,NA,-0.0146582878236866,NA,-0.012935298111782,NA,-0.0101742157253221
"lamp_GB","wb_pg_8_4_reason_1",FALSE,2,1,-0.0842233913095229,0.0132181337192734,-0.127380796789264,0.000759047020413726,-0.112093917213918,0.0100172252523371,-0.155792312450599,0.00601040442649611
"lamp_GB","wb_pg_8_4_reason_6",FALSE,5,4,-0.0126219298105212,-0.0116564170068113,0.0528377882664735,-0.0189862843057052,0.0617675844961248,-0.0168475471482713,-0.079127050854881,-0.0129669026253018
"lamp_GB","wb_pg_6",FALSE,0,3,NA,-0.00405458759622832,NA,0.0009919958288318,NA,-0.0121243938332523,NA,-0.00311036306967595
"lamp_GB","wb_pg_6_3",FALSE,0,1,NA,-0.00877485523388499,NA,-0.00647694719943842,NA,-0.00973771332121104,NA,-0.00524371226578107
"lamp_GB","wb_pg_6_2",FALSE,0,1,NA,-0.00732378757196887,NA,-0.00863689137458619,NA,-0.00856616875592029,NA,0.00283034538994675
"lamp_GB","wb_pg_6_4",FALSE,0,1,NA,-0.00650600795734489,NA,-0.00134536652737954,NA,-0.00563952755061402,NA,-0.0049534491883211
"lamp_GB","wb_pg_6_5",FALSE,0,1,NA,-0.00371181511854976,NA,-0.00714326300914815,NA,-0.00841917548327183,NA,-0.00463067134336804
"lamp_GB","wb_pg_3",FALSE,0,1,NA,-0.00114292663911984,NA,-0.00349130146196929,NA,-0.000146254236621953,NA,0.000476365632717186
"lamp_GB","copy",FALSE,6,3,-0.00184990353196014,0.00468889821816468,0.00290621493903886,0.00513537789471926,-0.00113483925835798,0.0046437237810735,-0.000451345639558579,0.00614816922572632
"lamp_GB","paste",FALSE,1,2,-0.0190677660308206,-0.0113733143872236,0.025974020237487,-0.00923926216452999,0.00807554797596992,-0.0109765656402966,-0.00301859128823828,-0.0101218902203331
"lamp_GB","wb_book_a_ok",FALSE,0,1,NA,0.180635634105542,NA,0.183656829967821,NA,0.184852658268443,NA,0.182035370990616
"lamp_GB","wb_pg_4_1",FALSE,0,3,NA,-0.00736523848922515,NA,-0.0049631528922463,NA,-0.00567456514200169,NA,-0.00827615087140221
"lamp_GB","wb_pg_4_2",FALSE,0,2,NA,-0.00300322029716073,NA,-0.022495126315717,NA,-0.00345517924950933,NA,0.000766582996136795
"lamp_GB","wb_pg_4_3",FALSE,0,2,NA,-0.00975767664653226,NA,-0.0143554424957269,NA,-0.0122737711382195,NA,-0.0078861848266285
"lamp_GB","em_move",FALSE,0,3,NA,0.00243031341747184,NA,-0.00245035158334427,NA,-0.00190339235357785,NA,0.00118438142612566
"lamp_GB","em_move_c",FALSE,0,1,NA,-0.00112996637116083,NA,0.004232181278441,NA,-0.00478074782080275,NA,-0.0034306382648605
"lamp_GB","em_for",FALSE,6,5,0.0304142355331163,0.000257640102705223,0.0125500589945225,0.00182533600330526,0.0318059607804017,-0.000852808020958634,0.043870757675463,0.000599066058844166
"lamp_GB","em_re",FALSE,9,9,0.0164961689112805,-0.0186334135255791,0.0122611855628251,-0.0199731646617212,0.0163312011014805,-0.020885675351571,0.0189159883986109,-0.0178317337560523
"lamp_GB","splithorizontal",FALSE,7,8,-0.0215251744055676,-0.0268631060637392,0.00307812789138661,-0.0301927806209689,-0.0195984720059763,-0.0327994815040949,-0.0274437128269943,-0.02149216091817
"lamp_GB","em_sch",FALSE,2,5,0.0129968112785935,0.00200786683195392,0.0306981570516172,0.00609470816905496,0.0133079539090255,0.0059607836968892,0.0137766853955434,0.000951473034831215
"lamp_GB","em_sch_ok",FALSE,5,3,0.100563514854169,0.0103409147203346,-0.0155268462377919,0.00831283468249935,0.105761299930953,0.00952136040640038,0.111352939379696,0.00687810193673591
"lamp_GB","book",FALSE,0,3,NA,-0.00327976866625654,NA,-0.00450316928381939,NA,-0.00575222879860866,NA,-0.00494579442850462
"lamp_GB","splitvertical",FALSE,7,4,0.0161890447686784,0.00164820891267457,0.00851177558845735,8.80315940110122e-05,0.0244108046201994,0.00222972304117783,0.0196147731654839,0.0020931553004338
"lamp_GB","em_m_drag",FALSE,14,13,0.00818811765305253,-0.00317394802581405,0.00555813817382237,-0.00273148226893106,0.00687183712616381,-0.00392489939542464,0.00888670999415064,-0.00553739883835774
"lamp_GB","em_f_unfold",FALSE,0,2,NA,-0.00241460763146109,NA,-0.0045314370318758,NA,-0.00577668874242067,NA,-0.00174681923853085
"lamp_GB","wb_pg_8_4_reason_3",FALSE,0,2,NA,0.00082490988994517,NA,-0.00550262302411006,NA,0.00611960760427625,NA,0.00188665261834031
"lamp_GB","wb_sch",FALSE,7,5,-0.0757559851174169,0.00919344846441256,-0.014013303292906,0.019742380316966,-0.0968078047411664,0.0138511651204132,-0.0810765407602212,0.00524422123595241
"lamp_GB","em_m_move",FALSE,0,1,NA,-0.0118732252285736,NA,-0.0131894973928086,NA,-0.0107423791965849,NA,-0.00810072559297637
"lamp_GB","em_re_a",FALSE,0,4,NA,-0.00594041099283313,NA,-0.00744381788356784,NA,-0.00738534825278281,NA,-0.00639237630707253
"lamp_GB","em_move_ok",FALSE,0,1,NA,-0.0106229981890602,NA,-0.00807685950725438,NA,-0.0140849844664759,NA,-0.00527074288075406
"lamp_GB","wb_pg_8_4_reason_5",FALSE,0,1,NA,0.00232909940924379,NA,0.00498571180132294,NA,0.00139168063801939,NA,-0.0018312291672761
"lamp_GB","em_trash",FALSE,0,1,NA,-0.00342134253148399,NA,0.00198627426517186,NA,0.00195885815030034,NA,-0.00189511041296906
"lamp_GB","wb_pg_8_4_reason_2",FALSE,0,2,NA,-0.00397349074746047,NA,-0.0137799348371404,NA,-0.00907480877259166,NA,-0.00560860376288733
"lamp_SK_GB","wb_pg_8",TRUE,9,8,0.00753198513241713,0.0362810683346262,0.00164840338836568,0.0388621024733437,-0.00185568077601758,0.0351028845269967,0.00485545722551113,0.0349683461169348
"lamp_SK_GB","wb_pg_8_4",TRUE,14,6,0.00569292432272698,-0.00186833353933189,0.00157140517763524,-0.000641973004865541,-0.0022974893353257,-0.00190573857555561,0.00304084871994063,7.02118231187324e-05
"lamp_SK_GB","wb_pg_8_4_reason_4",TRUE,8,8,0.00575079520640221,0.00917694694815748,0.00278421896824458,0.0103228866915246,-0.00182091198827965,0.00993506176251674,0.00480288476877564,0.0113120536414107
"lamp_SK_GB","wb_pg_8_4_request_1",TRUE,9,8,0.00509211495909682,-0.0132403033155686,-7.92801414464664e-06,-0.0134326052661137,-0.00237890900604308,-0.0108467611235827,0.00204246267712881,-0.0121917496066293
"lamp_SK_GB","wb_pg_8_3",TRUE,7,12,0.00732057740161939,0.00418197167916997,0.00337584137631666,0.00575429155575102,0.000656177562337285,0.00448020409533501,0.00449708479954732,0.00565714893261927
"lamp_SK_GB","wb_pg_8_3_1",FALSE,6,5,0.00894405285651261,-0.00702561183217755,0.00167675652880936,-0.00533237353444352,0.00146408614901092,-0.0095662567684983,0.00397828799281536,-0.00730381676408788
"lamp_SK_GB","wb_pg_pop2",FALSE,7,4,0.0120307251546755,-0.00318000563357374,0.0046169711429679,-0.00425806791825947,0.00160473151148369,-0.00485287601699484,0.00761847543979868,-0.00299437823069066
"lamp_SK_GB","wb_hist_back",TRUE,30,23,0.0082182878189884,0.012353136049579,0.00238810786042006,0.014851741399098,-0.00126009220387227,0.0115387608708719,0.005182849717829,0.0137952634755314
"lamp_SK_GB","em",TRUE,21,32,0.00777019260380006,-0.018138938164205,0.0017992445540703,-0.0170929793115904,-0.00254995458788264,-0.0173213295617701,0.00314913309649727,-0.0168470916875706
"lamp_SK_GB","em_m_view_305",TRUE,15,8,0.0125844546892489,0.00558517748836775,0.00681292530084418,0.00508719002955728,0.00234546384320402,0.00615291641870437,0.0088634713528891,0.00536430484984121
"lamp_SK_GB","wb",TRUE,29,42,0.0066964924163626,-0.00943956202847706,0.000959267174859319,-0.00977608299706241,-0.0023297393044776,-0.00931289639457884,0.0033154479275954,-0.00918644532034082
"lamp_SK_GB","keypress",TRUE,36,21,0.00992450075315462,0.0117992624449124,0.00445005326829959,0.0125995073094512,0.000728700939192092,0.0109087105770161,0.00655023479200586,0.0126023785802941
"lamp_SK_GB","wb_pg_8_4_submit",TRUE,7,9,0.0028292576570617,-0.00395119838762056,-0.00317633199571131,-0.00336807793521962,-0.00522818614399086,-0.00204880790812142,3.03773291564765e-05,-0.00242106156955589
"lamp_SK_GB","wb_pg_2",FALSE,8,3,0.0122054043362614,-0.0149735355386416,0.00659945421563202,-0.0147120968885219,0.00223440388449107,-0.0117498587016546,0.00830087232079238,-0.0130650616784903
"lamp_SK_GB","em_f_view",TRUE,22,21,0.00539905208853044,-0.0163281220089545,-0.000489453563273078,-0.0157498869176109,-0.00417061921898333,-0.00986153531162522,0.00171386423813314,-0.0136330403823604
"lamp_SK_GB","em_m_view_116",FALSE,11,11,0.0109374282143305,-0.000515055318162125,0.00331214114074561,0.000200012394167063,0.00163573107909953,0.00144514588509419,0.00580315053049788,0.00117044730902736
"lamp_SK_GB","em_m_view_117",FALSE,12,9,0.00903867652838764,-0.0194165880813785,0.00270583364923368,-0.0167825325823379,0.00244444072736695,-0.0157212694537529,0.00531113224914915,-0.0174488987787517
"lamp_SK_GB","em_m_view_118",FALSE,5,5,-0.0336213389904124,0.0103463025736271,-0.0207516423077689,0.016729230164212,-0.0303414334509889,0.00827921149429399,-0.0186546697828493,0.0138099814017503
"lamp_SK_GB","em_m_view_119",FALSE,13,11,0.0169351656248879,-0.0105677826653135,0.0107152775048011,-0.00998300944393007,0.00600163017883964,-0.00686305317304538,0.0128750553101843,-0.00956581776565464
"lamp_SK_GB","em_m_view_120",FALSE,12,10,0.00279768435004795,-0.0134060250393258,0.00356514392166143,-0.0113284269610711,0.0010009211291768,-0.0109021766862508,0.000766000394130891,-0.00978530752440053
"lamp_SK_GB","em_m_view_112",FALSE,8,9,0.0199854911962721,0.0161861427885471,0.00405092364970665,0.0110893334962219,-0.00246075660635282,0.0159462778833334,0.00407573098121791,0.0134245445132959
"lamp_SK_GB","em_m_view_113",FALSE,9,8,0.0154294015355631,0.0212242997851695,0.00879588317922566,0.0248758468199451,0.00499719807905079,0.0303484166819353,0.0112027414327619,0.0252474261843031
"lamp_SK_GB","em_m_view_114",FALSE,10,5,0.014200079392714,0.039978962605987,0.00973922773939126,0.0387793554848276,0.00569488958410926,0.043525434792858,0.0112946874856216,0.0442920156476533
"lamp_SK_GB","em_m_view_115",FALSE,17,19,0.00891593007138232,-0.0131858441009902,0.00347671072709744,-0.0115078214346753,-0.000186387589239556,-0.0124829003887373,0.00486578274005113,-0.012010812940471
"lamp_SK_GB","em_m_view_109",FALSE,6,13,0.0144082798849559,0.00424810868716215,0.00126633703640268,0.00763512893783366,0.00527861407529232,0.00568826120876613,0.00892446075782629,0.00725202437378891
"lamp_SK_GB","wb_pg_2_1",FALSE,3,3,-0.0109958875417791,-0.0064125394132113,-0.0167254432836756,-0.00674212033014184,-0.0129112648285172,-0.0061065253326665,-0.00944310557491869,-0.00282958777214914
"lamp_SK_GB","wb_pg_pop1",FALSE,20,4,0.00816225668860434,0.00854767654821204,0.00263391163744986,0.00989235173496528,0.00124328108121853,0.00955052254536035,0.0057027345923643,0.0110840638174617
"lamp_SK_GB","wb_pg_2_2",FALSE,2,5,-0.00348880817047634,-0.00199577276020544,-0.0199056963645191,-0.00369778235360909,-0.0245103667090503,-0.00173601699359034,-0.0182981016472016,-0.00226532637541484
"lamp_SK_GB","wb_pg_2_3",FALSE,5,6,0.0061789539757858,-0.00444853632789755,-0.00312875390581122,-0.00361972035065154,-0.00665384323364226,-0.00313701109823576,-0.00517294975917504,-0.00282094114195852
"lamp_SK_GB","view",FALSE,0,1,NA,-0.00774886195051357,NA,-0.00787655653410219,NA,-0.000662330212542954,NA,-0.00371235849173414
"lamp_SK_GB","em_m_view_111",FALSE,10,8,0.00799594099877873,-0.0105059581889555,0.00215541476865375,-0.010054651124198,0.000656892195668474,-0.00713962027721906,0.00450057031172742,-0.0104903922288697
"lamp_SK_GB","em_m_view_101",FALSE,7,7,-0.0191037099773081,-0.0401930319962185,-0.0179495708050719,-0.0397012920940889,-0.0361602412491067,-0.0390223990402462,-0.00961094192690219,-0.0377726464448183
"lamp_SK_GB","em_m_view_102",FALSE,9,6,0.000760679452515592,0.0360150852351453,-0.005708395508857,0.0285009913287855,-0.00822993481061849,0.031179470600141,-0.00537163329134898,0.0254529973657518
"lamp_SK_GB","em_m_view_103",FALSE,6,7,-0.00100015956839468,0.00923827997488154,-0.00323058063601959,0.00830904406801997,-0.00901941846623956,0.0059942885075101,-0.00303304005262951,0.00763880977026087
"lamp_SK_GB","em_m_view_104",FALSE,14,10,0.0309000319228734,0.00505810441243501,0.0254368173133679,0.00517070016332104,0.0252552814047211,0.00629554004473738,0.0283993649519503,0.00563959209902316
"lamp_SK_GB","em_m_view_105",FALSE,12,8,0.00620828355158402,-0.0236396696106436,-0.000581104290497476,-0.0224988650932595,-0.00203509796042269,-0.0330276172054792,0.00329703030825236,-0.0268932157125249
"lamp_SK_GB","em_m_view_106",FALSE,7,7,0.00410158033125056,0.0176599936787646,-0.00352224410728462,0.0167021534495728,-0.00424685817756575,0.0203964176777061,0.00111583960725577,0.0195847704240954
"lamp_SK_GB","em_m_view_107",FALSE,10,9,0.00690675189405741,0.00560814850963349,0.00303968125243867,0.00637667489312026,-0.0014697153580894,0.0042761135749471,0.00343270703819784,0.00538461993129117
"lamp_SK_GB","em_m_view_108",FALSE,7,6,0.00490403133553693,-0.0123995901397018,-0.000221448189272455,-0.00596646789650515,-0.00396736763480876,-0.0121864819186778,0.00150281170409431,-0.0103693149741722
"lamp_SK_GB","em_m_view_110",FALSE,9,6,0.00648283100274448,0.00524313893337617,0.002886552518459,0.00236467529112638,-0.00205135063531227,0.00947187437071093,0.00480888811437883,0.00522261497257607
"lamp_SK_GB","url_ok",FALSE,7,6,0.0126485840278551,-0.00778474477579594,0.00593303960321021,-0.00651121637903694,0.00726338097605181,-0.00639371140295014,0.00294352650310191,-0.00718246755910467
"lamp_SK_GB","wb_pg_8_2",TRUE,4,5,0.00565924602444758,-0.00217166836088545,-0.000454107511911248,0.000181965220232566,-0.00371480620398962,0.00335210744945785,0.00138959847086565,0.00217001094889355
"lamp_SK_GB","wb_pg_pop3",FALSE,8,2,0.00915021762345977,0.0052428118149323,0.00601926490050621,0.0106865709047587,0.00163176100517224,0.00754360716354533,0.00750661252961234,0.00409217078517272
"lamp_SK_GB","wb_pg_7",FALSE,5,3,0.0151690377434164,-0.0158803738833676,0.0103020948464218,-0.013800133857772,0.00852011811113349,-0.0118927606539938,0.0120368709237811,-0.0166245131009637
"lamp_SK_GB","wb_pg_8_1",FALSE,2,4,-0.0115858871485966,-0.00420278918265747,-0.0186979652014061,-0.00414618896775678,-0.0223556361073627,-0.00281727225095721,-0.0134489175275966,-0.00341634565916937
"lamp_SK_GB","wb_pg_10",FALSE,4,1,-0.0142481306069625,-0.00554664780651544,-0.0199002426425018,-0.00651040759569006,-0.023724533880118,0.00103035644482547,-0.0152159454604062,-0.00222067109331882
"lamp_SK_GB","wb_pg_9",FALSE,0,2,NA,-0.0051943417201109,NA,-0.00450462024688241,NA,-0.00478993368332685,NA,-0.00614860031227212
"lamp_SK_GB","file",FALSE,12,7,0.0246167920973764,-0.00939617185961954,0.0204962705672106,-0.0107375959748496,0.017566480330957,-0.00926984774684887,0.023345212059277,-0.00842658485101377
"lamp_SK_GB","wb_hist_for",FALSE,11,9,0.00191720527490084,-0.0078352136395358,-0.00432457701590113,-0.00697433394995173,-0.00723280295125692,-0.00764730024076324,-0.00153738820240056,-0.00639967158697814
"lamp_SK_GB","edit",FALSE,0,6,NA,-0.0157667253243938,NA,-0.0175385235305085,NA,-0.014999803525168,NA,-0.0164341443150994
"lamp_SK_GB","message",FALSE,0,4,NA,-0.0120381889023025,NA,-0.0126491621734852,NA,-0.0142685029527423,NA,-0.0110485962531102
"lamp_SK_GB","help",FALSE,0,4,NA,-0.00789010864844727,NA,-0.00695698183577612,NA,-0.00723020730462063,NA,-0.00918039024373031
"lamp_SK_GB","wb_pg_0",FALSE,9,12,0.0328824088291611,-0.0266980039325249,0.0252429021365151,-0.0264462055728813,0.0259118949810886,-0.0267952850406974,0.0279744661888783,-0.0262755685028408
"lamp_SK_GB","wb_pg_1",FALSE,3,3,0.00933216392345869,-0.00992324139723967,0.00758013131499112,-0.00617161003600097,0.0106949516695383,-0.00778227982263615,0.00966123632408802,-0.00703476853195529
"lamp_SK_GB","wb_pg_1_1",FALSE,0,1,NA,9.81261514599458e-05,NA,-0.000569648623279222,NA,-0.00581456258703975,NA,-0.00403957093505215
"lamp_SK_GB","wb_pg_8_4_request_2",FALSE,0,3,NA,-0.00530565806285601,NA,-0.00399237472978723,NA,-0.00504527822896666,NA,-0.0031569560371512
"lamp_SK_GB","wb_pg_4",FALSE,5,2,-0.033604707094429,-0.00162968075849548,-0.0370292058604565,-0.00463298703796317,-0.0341861051776816,-0.00258511238764743,-0.0306160822136062,-0.00132059883534842
"lamp_SK_GB","em_new",FALSE,3,3,0.00994842248070753,-0.000456874004696861,0.00197378988364038,-5.48312033734346e-05,0.00117496874346039,0.00245220203348546,0.0053015243139488,-0.00135671066571583
"lamp_SK_GB","em_send",FALSE,0,1,NA,-0.00683185653733257,NA,-0.00688043247428196,NA,-0.00520896526867969,NA,0.000192611870605579
"lamp_SK_GB","wb_pg_1_2",FALSE,0,2,NA,-0.00589031289960968,NA,-0.00669105395768009,NA,-0.00925035238818396,NA,-0.0133831981578983
"lamp_SK_GB","wb_pg_1_3",FALSE,0,2,NA,-0.0187499769032694,NA,-0.0280008571629626,NA,-0.0305407060023733,NA,-0.0212664365152161
"lamp_SK_GB","wb_book_a",FALSE,7,5,-0.000898178821595849,-0.0110584306238502,-0.00172085648253104,-0.00962060690575517,-0.00950775443944027,-0.00990218531365658,-0.00796412313229098,-0.0069535644193447
"lamp_SK_GB","wb_book_a_c",FALSE,0,1,NA,0.0919629340170908,NA,0.0925719980400732,NA,0.0833512411518448,NA,0.0980104996096357
"lamp_SK_GB","wb_pg_5",FALSE,3,3,-0.144479725162642,-0.0038757978437572,-0.132870591104957,-0.00270116278432477,-0.140564209655452,-0.00358413932712509,-0.142656880404165,-0.00299214237322919
"lamp_SK_GB","wb_pg_5_1",FALSE,0,1,NA,0.181718710779674,NA,0.177651217350017,NA,0.181967529888878,NA,0.168608454036117
"lamp_SK_GB","wb_pg_5_2",FALSE,0,2,NA,0.0155673959023134,NA,0.0201526238937239,NA,0.0185692293074177,NA,0.0186946996156237
"lamp_SK_GB","wb_pg_8_4_reason_1",FALSE,0,1,NA,0.000808082694906742,NA,-0.00976163732544262,NA,-0.00293574678310542,NA,-0.000328179802317687
"lamp_SK_GB","wb_pg_8_4_reason_6",FALSE,3,3,0.0247014474020852,-0.0057066762336356,0.00977882595903351,-0.00462683248749366,-0.0115148551659049,-0.00245514995763605,0.0141505043623121,-0.00365470288487981
"lamp_SK_GB","wb_pg_6",FALSE,0,1,NA,-0.00137882537436658,NA,0.00202888265281372,NA,0.00447059278580296,NA,0.00121781912813355
"lamp_SK_GB","wb_pg_3",FALSE,0,1,NA,-0.00485717826929349,NA,-0.00539911549521458,NA,-0.00386023561078903,NA,0.00118133542533152
"lamp_SK_GB","copy",FALSE,0,1,NA,-0.055872086249701,NA,-0.0624369333073706,NA,-0.0571566843244487,NA,-0.0642237603910535
"lamp_SK_GB","paste",FALSE,0,1,NA,-0.019172773560004,NA,-0.0171009765652795,NA,-0.0136339560737035,NA,-0.0144233880408453
"lamp_SK_GB","wb_book_a_ok",FALSE,0,2,NA,-0.0408220113654214,NA,-0.0405167583806533,NA,-0.0332862856055822,NA,-0.0410275608437492
"lamp_SK_GB","wb_pg_4_1",FALSE,0,2,NA,-0.0132596928292948,NA,-0.0177012942941043,NA,-0.0172291881205286,NA,-0.0125876238738935
"lamp_SK_GB","wb_pg_4_2",FALSE,0,2,NA,0.0331526046487365,NA,0.0408008346254861,NA,0.0332981699008579,NA,0.0353998193252538
"lamp_SK_GB","wb_pg_4_3",FALSE,0,2,NA,0.0179420252301088,NA,0.0183042627665481,NA,0.00826903559227939,NA,0.011995717053348
"lamp_SK_GB","em_move",FALSE,0,2,NA,-0.00346159802278131,NA,-0.00317232156204654,NA,-0.00927327789639257,NA,-0.00492175936891143
"lamp_SK_GB","em_move_c",FALSE,0,1,NA,-0.0033495263449432,NA,-0.00397091549694021,NA,0.000528038146129281,NA,-0.00654423485118891
"lamp_SK_GB","em_for",FALSE,0,1,NA,-0.00847406315516841,NA,-0.0122567708899937,NA,-0.00369562307615403,NA,-0.00784535411225328
"lamp_SK_GB","em_re",FALSE,3,4,0.00796369588994863,-0.00330201308852828,0.00482677474181336,-0.0019073505162536,0.00579805399669683,-0.00398497398223134,0.00643111437620618,0.000383245175029936
"lamp_SK_GB","splithorizontal",FALSE,0,4,NA,-0.00708116603597177,NA,-0.00384433217574866,NA,-0.00127891867402069,NA,-0.00486665456826923
"lamp_SK_GB","em_sch",FALSE,0,2,NA,-0.00369449437516162,NA,-0.00273344994320251,NA,-0.0016324683174613,NA,0.000264949886218722
"lamp_SK_GB","em_sch_ok",FALSE,0,1,NA,-0.00860099834688341,NA,-0.00740686295644187,NA,-0.00270908588731166,NA,-0.00525032394094903
"lamp_SK_GB","book",FALSE,0,2,NA,0.00593776051417916,NA,0.00543094766966258,NA,0.00483882060610841,NA,-0.000140408978825225
"lamp_SK_GB","splitvertical",FALSE,0,2,NA,-0.00537681835764761,NA,-0.00619029778089633,NA,-0.00429416344650567,NA,-0.00604044814703251
"lamp_SK_GB","em_add_f",FALSE,0,1,NA,-0.00188414984650638,NA,-0.00142063735158705,NA,-0.00245403653028592,NA,-0.00538664998728158
"lamp_SK_GB","em_add_f_c",FALSE,0,1,NA,-0.00464397720250483,NA,-0.00429076589083149,NA,-0.00161962604304761,NA,-0.00258377990889483
"lamp_SK_GB","em_m_drag",FALSE,11,10,0.0362761775773702,-0.00612816813616128,0.0264369036949997,-0.00374577173338442,0.0221004265840788,-0.00394307981744801,0.0284632451050212,-0.00389454940398856
"lamp_SK_GB","wb_pg_pop4",FALSE,0,1,NA,-0.00891973872472137,NA,-0.00432785574695298,NA,-0.0129091865504128,NA,-0.0105359467451859
"lamp_SK_GB","wb_pg_8_4_reason_3",FALSE,0,1,NA,-0.00449676256283535,NA,0.00157922686979784,NA,-0.00489313265936791,NA,-0.00501870659922261
"lamp_SK_GB","wb_sch",FALSE,0,1,NA,-0.00510071027800131,NA,-0.00634672777847459,NA,-0.00565153149059028,NA,-0.00670874863315174
"lamp_SK_GB","em_m_move",FALSE,0,1,NA,0.00225671622165531,NA,-0.00389519053822084,NA,0.00346158330933031,NA,-0.00210144196563335
"lamp_SK_GB","wb_pg_8_4_reason_5",FALSE,0,3,NA,-0.00344495640147325,NA,-0.000194092887373155,NA,-0.00164659728959385,NA,0.00134463732359224
"lamp_SK_GB","wb_pg_8_4_reason_2",FALSE,0,1,NA,0.00384939394997839,NA,0.00693751949261664,NA,-0.00170988773355276,NA,0.00479400975069069
